id,name,model_id,group_id/id,operation,domain
access_cd_account_invoice_user,cd.account.invoice.user,cd.account.invoice,group_account_user,crud,
access_cd_account_invoice_line_user,cd.account.invoice.line.user,cd.account.invoice.line,group_account_user,crud,
access_cd_account_invoice_draft_user,cd.account.invoice.draft.user,cd.account.invoice.draft,group_account_user,crud,
access_cd_account_tax_user,cd.account.tax.user,cd.account.tax,group_account_user,r,
access_cd_account_tax_admin,cd.account.tax.admin,cd.account.tax,group_account_admin,crud,
access_cd_account_tax_tag_user,cd.account.tax.tag.user,cd.account.tax.tag,group_account_user,r,
access_cd_account_tax_tag_admin,cd.account.tax.tag.admin,cd.account.tax.tag,group_account_admin,crud,
access_cd_account_tax_allocation_line_admin,cd.account.tax.allocation.line.admin,cd.account.tax.allocation.line,group_account_admin,crud,
access_cd_account_ledger_user,cd.account.ledger.user,cd.account.ledger,group_account_user,r,
access_cd_account_ledger_admin,cd.account.ledger.admin,cd.account.ledger,group_account_admin,crud,
access_cd_account_account_user,cd.account.account.user,cd.account.account,group_account_user,cru,
access_cd_account_account_admin,cd.account.account.admin,cd.account.account,group_account_admin,crud,
access_cd_account_chart_user,cd.account.chart.user,cd.account.chart,group_account_user,r,
access_cd_account_chart_admin,cd.account.chart.admin,cd.account.chart,group_account_admin,crud,
access_cd_account_chart_account_user,cd.account.chart.account.user,cd.account.chart.account,group_account_user,r,
access_cd_account_chart_account_admin,cd.account.chart.account.admin,cd.account.chart.account,group_account_admin,crud,
access_cd_account_chart_wizard_admin,cd.account.chart.wizard.admin,cd.account.chart.wizard,group_account_admin,crud,
access_cd_account_transfer_user,cd.account.transfer.user,cd.account.transfer,group_account_user,cr,
access_cd_account_fiscal_year_user,cd.account.fiscal.year.user,cd.account.fiscal.year,group_account_user,r,
access_cd_account_fiscal_year_admin,cd.account.fiscal.year.admin,cd.account.fiscal.year,group_account_admin,cru,
access_cd_account_fiscal_year_account_balance_user,cd.account.fiscal.year.account.balance.user,cd.account.fiscal.year.account.balance,group_account_user,r,
access_cd_account_fiscal_year_account_balance_admin,cd.account.fiscal.year.account.balance.admin,cd.account.fiscal.year.account.balance,group_account_admin,r,
